Property Class/Subclass,2001,2002,2003,2004
Residential,0.8789,0.8789,0.8789,0.8789
Condominium,0.8789,0.8789,0.8789,0.8789
Multi-Unit Residential,1.2693,1.2693,1.2693,1.2693
Commercial Industrial,1.1749,1.1900,1.1900,1.19768
Exterior Hotels,,,, 0.61763
Golf Courses,,,, 0.7800
Agriculture,1.1749,1.1900,1.1900,1.1900